sequence,fitness
LWSDIKMKLKKT,49.37196
KMGKLIGIPVLK,47.83688
MKVAAAMAPKQV,38.66109
AKCKVQSANVCK,37.82153
KMWDWEQKKKWI,34.11149
WDWEQKKKWI,31.26163
RLPKRVQGNVEK,30.61573
VTRMTIQVKGSK,30.16713
TSKSKKRMTAKK,29.83349
ICLKSQPICGID,29.49547
LELKLGKRPMGW,29.24477
ARNRKKIMMRWI,29.01464
PVNRLGKMSKNR,28.83256
IGVLRSVKQTVR,28.55074
NKQRRMLSRERS,28.52089
NVVVQRRNHHTS,28.05341
VGSVKSGNLRMR,26.22986
EPSNLPKGMNEK,24.69024
KMWDWEQKKKWI,24.09143
QCAGWVQKRQIQ,23.37685
KGKLDKDRNL,23.28052
KYTKTRKQSSKA,22.48
RRRRRRRRRRRR,22
VCNRIEPLKPIL,21.82239
ERQEEKIKKW,20.79427
RKHHGWRWEQWK,20.00466
CQLAWRPCAKAS,19.532
DKRKIKQKMWWG,19.13841
WFGLQRHLKKKD,19.0715
RTTTRTTTRTTT,18.9
RTRTRTRTRTRT,1
PVARKVVQICHP,18.63698
CCWHNPKWRRTR,18.46
PRSWEVKEKETM,18.27337
LHSSQWLKVDHLL,18.17873
NFLRAQRQCQKQ,18.16368
RGRGRGRGRGRG,17.2
RGKMPLRWMTRK,17.14
HWSTCTRTRTLS,17.1
KSKSKSKSKSKS,17
SSDQDRDKWL,16.82505
KPCKWAGRACAK,16.69529
RTTRTTRTTRTT,16.3
MWQMKWTRKTRE,16.24
KPWHGCASRTKR,16.19014
HIKWRLTKGTRT,16.08
VSLQCWELGPNK,15.70919
HGRKWKRTKFDD,15.49
KRIIEDDQLE,15.19034
RRMVNRTITRMW,15.01
GNKKNWRWYKNR,14.71334
AQCCQHRKGYMN,14.69376
KWVVRPRIRRLL,14.62156
VSVVATGCVWET,14.33556
TKTKTKTKTKTK,14.1
NSSNHSNNMPCQ,14.06
IRRWNDRIRITS,13.90809
TTTKTTTKTTTK,13.8
TTTTTKTTTTTK,13.8
PIKQIAWPIIEH,13.6599
RKHHGWRWEQWK,13.59362
KVLWRMPAQIIQ,13.51793
WDRTSTRPSSVL,13.46
KEEVWLKWLI,13.42497
MWVKGMKHKKMK,13.23495
KSSKSSKSSKSS,13.2
KSSSKSSSKSSS,13
IIRSPICCVSRV,12.89188
RSRSRSRSRSRS,12.8
GRKRGAIWKDTK,12.75
KHKHKHKHKHKH,12.7
LSQQPRKRATWR,12.60838
TTKTTKTTKTTK,12.6
DKVCKIQKRKWH,12.51172
KKKKKKKKKKKK,12.5
RLWNSGEGRGEN,12.26758
KGGGKGGGKGGG,12.1
QCRAGAMPAMYV,12.05809
KKRLHWIRWHCG,12.01536
KKRKKHKKGKKP,11.9
GQRWLYKMKDSM,11.86265
KGGKGGKGGKGG,11.8
LDHTWGKWGHQS,11.50256
KKGKKKGKKHKK,11.3
PGGVRSNDLLEV,11.18031
DKRKIKQKMWWG,10.86
KGKGKGKGKGKG,10.8
CHLKDLRKMGLR,10.1388
IKGMNIKMPTDQ,9.95
KKAKKKGKKHKK,9.9
RRCQAQEFWLGA,9.515134
KKGKKKGKKPKK,9.3
DSSSSSDSSSSS,9.1
KVIRYVVAPMKL,8.94
NAPWKHWRIINE,8.898582
GNCPMKVCSPMG,8.89
NDISMCNKNNNW,8.824446
KDRTSKPKRPWC,8.67
SDGSKIKDRD,8.630329
VINKVISNPCVN,8.516833
KVRCLVEARPSW,8.194995
VINKVISCPCVN,8.109024
VINKVISNPCVN,8.107188
IRTYLRKRNSTQ,8.03
TVSEPVMMVSVS,7.771304
GIFKTTKCKHNS,7.61
QRHDSHRHGLWL,7.543669
HDDKNKESDD,7.479407
DTTTTTDTTTTT,7.2
LSNRRGREQYAG,7.08
DSSSDSSSDSSS,7
MAMADAAAPMNA,6.965346
NQYSNWNKNYK,6.94
EMRQWKWMWENA,6.580628
WWWKPKREDFMK,6.58
TTTTTTTTTTTT,6.5
RPPMLNVVRVVG,6.489129
GGRVWEWNVAA,6.08351
SNHKMSECRGLR,5.98
ETTTTTETTTTT,5.9
GPMPMNAKMKLC,5.81
ETNVRVKVVSES,5.707696
RHRHRHRHRHRH,5.5
NNKCQVVAAFVM,5.401218
HLVVSPRVSWGC,5.30282
FNSNKITPTSNM,5.29
VPNIQVKGSK,4.99326
VNLPMVMPNLRM,4.53
ETTETTETTETT,4.4
PVVYKTVIQCCD,4.333159
VAWVMKAHVCTM,4.201038
VNSDPSNGQMRD,4.15
DTTDTTDTTDTT,4
DTTTDTTTDTTT,4
ETTTETTTETTT,4
NRVTESVRNVKM,3.683273
QTATENSQMNSG,3.64
GLGNQHVVVLGV,3.528919
MAALLYQHRLARR,3.528221
NWRDCLSLIVPN,3.179373
LLRLLGLVER,3.037419
GLIEARAMQQCC,2.704976
DSDSDSDSDSDS,2.5
ETNVRVKVVSES,2.368102
QERRDDILWD,2.296864
DTDTDTDTDTDT,2.2
ETETETETETET,1.7
QTEHYENSARNS,1.09
DWNNYLYQNLH,0
SYYWLWWHQQI,0
NWNWWGLSYLA,0
NENQWHYYWRQ,0
NGTLYLNNYYE,0
ELNTGLVLVNWK,0
VLTWSAVNNNVQ,0
NCGVNLVNAVGQ,0
HIAVVNWVNVGH,0
CNNIQGRNNSVW,0
